{"Train/loss": 1.1909674406051636, "Train/acc": 0.6517287073846525, "_timestamp": 1721988082.8369443, "_runtime": 6899.376058340073, "_step": 4182, "Train/lr": 0.00019999784237356998, "_wandb": {"runtime": 6897}}