{"Gen/FID": 66.85669223378773, "Gen/Diversity": 2.0697178840637207, "_timestamp": 1722015624.5401385, "_runtime": 120.38363552093506, "_step": 264, "Train/loss": 2.2229511737823486, "Train/acc": 0.45852041907205476, "Train/lr": 0.00019999999140160094, "_wandb": {"runtime": 118}}