{"Train/loss": 0.9188225269317627, "Train/acc": 0.7107157137145141, "_timestamp": 1722005060.7114763, "_runtime": 8.104969263076782, "_step": 1, "Train/lr": 0.00019996495788007293, "_wandb": {"runtime": 7}}