{"Gen/FID": 30.04728862581554, "Gen/Diversity": 5.874500274658203, "_timestamp": 1722003857.5919018, "_runtime": 15744.92477273941, "_step": 16882, "Train/loss": 0.9933935403823853, "Train/acc": 0.7046750285062714, "Train/lr": 0.00019996484968683062, "_wandb": {"runtime": 15743}}