{"Train/loss": 1.127311110496521, "Train/acc": 0.6713564601009558, "_timestamp": 1722004725.3909338, "_runtime": 10.130246639251709, "_step": 8, "Train/lr": 0.00019996493292720086, "_wandb": {"runtime": 8}}