{"Gen/FID": 64.43407216914926, "Gen/Diversity": 1.981364130973816, "_timestamp": 1721974957.5826015, "_runtime": 530.1549744606018, "_step": 867, "Train/loss": 2.474837064743042, "Train/acc": 0.3445491251682369, "Train/lr": 0.0001999999074779017, "_wandb": {"runtime": 528}}