{"Gen/FID": 2.4197031120774852, "Gen/Diversity": 9.407353401184082, "_timestamp": 1722020141.7338378, "_runtime": 4076.263256788254, "_step": 11491, "Train/loss": 2.3819384574890137, "Train/acc": 0.3329861111111111, "Train/lr": 0.0001999837131151232}