{"Gen/FID": 88.6104843511905, "Gen/Diversity": 8.982901573181152, "_timestamp": 1722013237.9287372, "_runtime": 781.9214112758636, "_step": 2299, "Train/loss": 1.4342997074127197, "Train/acc": 0.6336696090794451, "Train/lr": 0.0001999993485076281, "_wandb": {"runtime": 788}}