{"Train/loss": 1.9011894464492798, "Train/acc": 0.5272174011044742, "_timestamp": 1721980984.5278842, "_runtime": 124.62631821632385, "_step": 390, "Train/lr": 0.00019999998123541542, "_wandb": {"runtime": 122}}