{"Gen/FID": 8.107794714278839, "Gen/Diversity": 8.767184257507324, "_timestamp": 1722015952.211088, "_runtime": 295.4535529613495, "_step": 767, "Train/loss": 2.6370670795440674, "Train/acc": 0.31500053919982746, "Train/lr": 0.00019999992761188918, "_wandb": {"runtime": 297}}