{"Gen/FID": 64.53407652297727, "Gen/Diversity": 1.9817118644714355, "_timestamp": 1722014222.571369, "_runtime": 483.8596730232239, "_step": 766, "Train/loss": 1.6230638027191162, "Train/acc": 0.5745713361371725, "Train/lr": 0.00019999992761188918, "_wandb": {"runtime": 663}}