{"Gen/FID": 97.02045962400676, "Gen/Diversity": 0.0, "_timestamp": 1722012418.2825193, "_runtime": 480.84910345077515, "_step": 1538, "Train/loss": 1.3787599802017212, "Train/acc": 0.6274570024570024, "Train/lr": 0.00019999970817518618, "_wandb": {"runtime": 478}}