{"Gen/FID": 21.96919806858658, "Gen/Diversity": 10.840022087097168, "_timestamp": 1722015441.9807985, "_runtime": 848.9141523838043, "_step": 2301, "Train/loss": 1.4309273958206177, "Train/acc": 0.6172890447699608, "Train/lr": 0.0001999993485076281, "_wandb": {"runtime": 879}}